tweet_id,timestamp,source,text,expanded_urls,rating_numerator,rating_denominator,name,type,retweet_count,favorite_count
889665388333682689,2017-07-25 01:55:32 +0000,Iphone,Here's a puppo that seems to be on the fence about something haha no but seriously someone help her. 13/10 https://t.co/BxvuXk0UCm,https://twitter.com/dog_rates/status/889665388333682689/photo/1,13,10,,puppo,10075,47921
889531135344209921,2017-07-24 17:02:04 +0000,Iphone,This is Stuart. He's sporting his favorite fanny pack. Secretly filled with bones only. 13/10 puppared puppo #BarkWeek https://t.co/y70o6h3isq,https://twitter.com/dog_rates/status/889531135344209921/photo/1,13,10,Stuart,puppo,2239,15039
878776093423087618,2017-06-25 00:45:22 +0000,Iphone,This is Snoopy. He's a proud #PrideMonthPuppo. Impeccable handwriting for not having thumbs. 13/10 would love back #PrideMonth https://t.co/lNZwgNO4gS,"https://twitter.com/dog_rates/status/878776093423087618/photo/1,https://twitter.com/dog_rates/status/878776093423087618/photo/1",13,10,Snoopy,puppo,4147,19350
874012996292530176,2017-06-11 21:18:31 +0000,Iphone,"This is Sebastian. He can't see all the colors of the rainbow, but he can see that this flag makes his human happy. 13/10 #PrideMonth puppo https://t.co/XBE0evJZ6V","https://twitter.com/dog_rates/status/874012996292530176/photo/1,https://twitter.com/dog_rates/status/874012996292530176/photo/1",13,10,Sebastian,puppo,10539,34627
867421006826221569,2017-05-24 16:44:18 +0000,Iphone,This is Shikha. She just watched you drop a skittle on the ground and still eat it. Could not be less impressed. 12/10 superior puppo https://t.co/XZlZKd73go,https://twitter.com/dog_rates/status/867421006826221569/photo/1,12,10,Shikha,puppo,2577,16315
859607811541651456,2017-05-03 03:17:27 +0000,Iphone,Sorry for the lack of posts today. I came home from school and had to spend quality time with my puppo. Her name is Zoey and she's 13/10 https://t.co/BArWupFAn0,https://twitter.com/dog_rates/status/859607811541651456/photo/1,13,10,,puppo,1638,19017
855851453814013952,2017-04-22 18:31:02 +0000,Iphone,Here's a puppo participating in the #ScienceMarch. Cleverly disguising her own doggo agenda. 13/10 would keep the planet habitable for https://t.co/cMhq16isel,https://twitter.com/dog_rates/status/855851453814013952/photo/1,13,10,,puppo,18605,46787
855851453814013952,2017-04-22 18:31:02 +0000,Iphone,Here's a puppo participating in the #ScienceMarch. Cleverly disguising her own doggo agenda. 13/10 would keep the planet habitable for https://t.co/cMhq16isel,https://twitter.com/dog_rates/status/855851453814013952/photo/1,13,10,,doggo,18605,46787
825535076884762624,2017-01-29 02:44:34 +0000,Iphone,Here's a very loving and accepting puppo. Appears to have read her Constitution well. 14/10 would pat head approvingly https://t.co/6ao80wIpV1,https://twitter.com/dog_rates/status/825535076884762624/photo/1,14,10,,puppo,19066,55957
822872901745569793,2017-01-21 18:26:02 +0000,Iphone,Here's a super supportive puppo participating in the Toronto  #WomensMarch today. 13/10 https://t.co/nTz3FtorBc,https://twitter.com/dog_rates/status/822872901745569793/photo/1,13,10,,puppo,48802,142660
816829038950027264,2017-01-05 02:09:53 +0000,Iphone,RT @dog_rates: This is Betty. She's assisting with the dishes. Such a good puppo. 12/10 h*ckin helpful af https://t.co/dgvTPZ9tgI,"https://twitter.com/dog_rates/status/790946055508652032/photo/1,https://twitter.com/dog_rates/status/790946055508652032/photo/1",12,10,Betty,puppo,5266,0
803773340896923648,2016-11-30 01:31:12 +0000,Iphone,This is Diogi. He fell in the pool as soon as he was brought home. Clumsy puppo. 12/10 would pet until dry https://t.co/ZxeRjMKaWt,"https://twitter.com/dog_rates/status/803773340896923648/photo/1,https://twitter.com/dog_rates/status/803773340896923648/photo/1,https://twitter.com/dog_rates/status/803773340896923648/photo/1,https://twitter.com/dog_rates/status/803773340896923648/photo/1",12,10,Diogi,puppo,3106,10919
802239329049477120,2016-11-25 19:55:35 +0000,Iphone,This is Loki. He'll do your taxes for you. Can also make room in your budget for all the things you bought today. 12/10 what a puppo https://t.co/5oWrHCWg87,"https://twitter.com/dog_rates/status/802239329049477120/photo/1,https://twitter.com/dog_rates/status/802239329049477120/photo/1",12,10,Loki,puppo,2921,9866
796563435802726400,2016-11-10 04:01:37 +0000,Iphone,RT @dog_rates: I want to finally rate this iconic puppo who thinks the parade is all for him. 13/10 would absolutely attend https://t.co/5d…,https://twitter.com/dog_rates/status/780931614150983680/photo/1,13,10,,puppo,8211,0
793195938047070209,2016-10-31 21:00:23 +0000,Iphone,Say hello to Lily. She's pupset that her costume doesn't fit as well as last year. 12/10 poor puppo https://t.co/YSi6K1firY,"https://twitter.com/dog_rates/status/793195938047070209/photo/1,https://twitter.com/dog_rates/status/793195938047070209/photo/1",12,10,Lily,puppo,6304,16628
790946055508652032,2016-10-25 16:00:09 +0000,Iphone,This is Betty. She's assisting with the dishes. Such a good puppo. 12/10 h*ckin helpful af https://t.co/dgvTPZ9tgI,https://twitter.com/dog_rates/status/790946055508652032/photo/1,12,10,Betty,puppo,5266,18078
787717603741622272,2016-10-16 18:11:26 +0000,Iphone,This is Tonks. She is a service puppo. Can hear a caterpillar hiccup from 7 miles away. 13/10 would follow anywhere https://t.co/i622ZbWkUp,"https://twitter.com/dog_rates/status/787717603741622272/photo/1,https://twitter.com/dog_rates/status/787717603741622272/photo/1,https://twitter.com/dog_rates/status/787717603741622272/photo/1,https://twitter.com/dog_rates/status/787717603741622272/photo/1",13,10,Tonks,puppo,3113,11121
780931614150983680,2016-09-28 00:46:20 +0000,Iphone,I want to finally rate this iconic puppo who thinks the parade is all for him. 13/10 would absolutely attend https://t.co/5dUYOu4b8d,https://twitter.com/dog_rates/status/780931614150983680/photo/1,13,10,,puppo,8211,23490
886366144734445568,2017-07-15 23:25:31 +0000,Iphone,This is Roscoe. Another pupper fallen victim to spontaneous tongue ejections. Get the BlepiPen immediate. 12/10 deep breaths Roscoe https://t.co/RGE08MIJox,"https://twitter.com/dog_rates/status/886366144734445568/photo/1,https://twitter.com/dog_rates/status/886366144734445568/photo/1",12,10,Roscoe,pupper,3197,21108
882762694511734784,2017-07-06 00:46:41 +0000,Iphone,This is Gus. He's quite the cheeky pupper. Already perfected the disinterested wink. 12/10 would let steal my girl https://t.co/D43I96SlVu,https://twitter.com/dog_rates/status/882762694511734784/photo/1,12,10,Gus,pupper,4921,28205
881536004380872706,2017-07-02 15:32:16 +0000,Iphone,"Here is a pupper approaching maximum borkdrive. Zooming at never before seen speeds. 14/10 paw-inspiring af 
(IG: puffie_the_chow) https://t.co/ghXBIIeQZF",https://twitter.com/dog_rates/status/881536004380872706/video/1,14,10,a,pupper,15994,49259
876838120628539392,2017-06-19 16:24:33 +0000,Iphone,This is Ginger. She's having a ruff Monday. Too many pupper things going on. H*ckin exhausting. 12/10 would snug passionately https://t.co/j211oCDRs6,"https://twitter.com/dog_rates/status/876838120628539392/photo/1,https://twitter.com/dog_rates/status/876838120628539392/photo/1",12,10,Ginger,pupper,3369,20609
874296783580663808,2017-06-12 16:06:11 +0000,Iphone,This is Jed. He may be the fanciest pupper in the game right now. Knows it too. 13/10 would sign modeling contract https://t.co/0YplNnSMEm,https://twitter.com/dog_rates/status/874296783580663808/photo/1,13,10,Jed,pupper,4137,26027
871762521631449091,2017-06-05 16:15:56 +0000,Iphone,This is Rover. As part of pupper protocol he had to at least attempt to eat the plant. Confirmed not tasty. Needs peanut butter. 12/10 https://t.co/AiVljI6QCg,"https://twitter.com/dog_rates/status/871762521631449091/photo/1,https://twitter.com/dog_rates/status/871762521631449091/photo/1,https://twitter.com/dog_rates/status/871762521631449091/photo/1",12,10,Rover,pupper,3515,20288
866450705531457537,2017-05-22 00:28:40 +0000,Iphone,"This is Jamesy. He gives a kiss to every other pupper he sees on his walk. 13/10 such passion, much tender https://t.co/wk7TfysWHr","https://twitter.com/dog_rates/status/866450705531457537/photo/1,https://twitter.com/dog_rates/status/866450705531457537/photo/1",13,10,Jamesy,pupper,36182,123809
866094527597207552,2017-05-21 00:53:21 +0000,Iphone,"RT @dog_rates: Here's a pupper before and after being asked ""who's a good girl?"" Unsure as h*ck. 12/10 hint hint it's you https://t.co/ORiK…","https://twitter.com/dog_rates/status/837820167694528512/photo/1,https://twitter.com/dog_rates/status/837820167694528512/photo/1",12,10,,pupper,8616,0
854120357044912130,2017-04-17 23:52:16 +0000,Iphone,Sometimes you guys remind me just how impactful a pupper can be. Cooper will be remembered as a good boy by so many. 14/10 rest easy friend https://t.co/oBL7LEJEzR,"https://twitter.com/dog_rates/status/854120357044912130/photo/1,https://twitter.com/dog_rates/status/854120357044912130/photo/1,https://twitter.com/dog_rates/status/854120357044912130/photo/1,https://twitter.com/dog_rates/status/854120357044912130/photo/1",14,10,,pupper,7945,33085
850019790995546112,2017-04-06 16:18:05 +0000,Iphone,Say hello to Boomer. He's a sandy pupper. Having a h*ckin blast. 12/10 would pet passionately https://t.co/ecb3LvExde,"https://twitter.com/dog_rates/status/850019790995546112/photo/1,https://twitter.com/dog_rates/status/850019790995546112/photo/1,https://twitter.com/dog_rates/status/850019790995546112/photo/1",12,10,Boomer,pupper,5251,21415
849668094696017920,2017-04-05 17:00:34 +0000,Iphone,RT @dog_rates: This is Gidget. She's a spy pupper. Stealthy as h*ck. Must've slipped pup and got caught. 12/10 would forgive then pet https…,"https://twitter.com/dog_rates/status/833124694597443584/photo/1,https://twitter.com/dog_rates/status/833124694597443584/photo/1,https://twitter.com/dog_rates/status/833124694597443584/photo/1",12,10,Gidget,pupper,5324,0
845306882940190720,2017-03-24 16:10:40 +0000,Iphone,This is Pickles. She's a silly pupper. Thinks she's a dish. 12/10 would dry https://t.co/7mPCF4ZwEk,https://twitter.com/dog_rates/status/845306882940190720/photo/1,12,10,Pickles,pupper,5839,24605
837820167694528512,2017-03-04 00:21:08 +0000,Iphone,"Here's a pupper before and after being asked ""who's a good girl?"" Unsure as h*ck. 12/10 hint hint it's you https://t.co/ORiK6jlgdH","https://twitter.com/dog_rates/status/837820167694528512/photo/1,https://twitter.com/dog_rates/status/837820167694528512/photo/1",12,10,,pupper,8616,36383
837110210464448512,2017-03-02 01:20:01 +0000,Iphone,This is Clark. He passed pupper training today. Round of appaws for Clark. 13/10 https://t.co/7pUjwe8X6B,https://twitter.com/dog_rates/status/837110210464448512/photo/1,13,10,Clark,pupper,2621,17041
836380477523124226,2017-02-28 01:00:19 +0000,Iphone,"This is Ava. She just blasted off. Streamline af. Aerodynamic as h*ck. One small step for pupper, one giant leap for pupkind. 12/10 https://t.co/W4KffrdX3Q",https://twitter.com/dog_rates/status/836380477523124226/photo/1,12,10,Ava,pupper,3225,15691
833124694597443584,2017-02-19 01:23:00 +0000,Iphone,This is Gidget. She's a spy pupper. Stealthy as h*ck. Must've slipped pup and got caught. 12/10 would forgive then pet https://t.co/zD97KYFaFa,"https://twitter.com/dog_rates/status/833124694597443584/photo/1,https://twitter.com/dog_rates/status/833124694597443584/photo/1,https://twitter.com/dog_rates/status/833124694597443584/photo/1",12,10,Gidget,pupper,5324,21574
831315979191906304,2017-02-14 01:35:49 +0000,Twitter web,I couldn't make it to the #WKCDogShow BUT I have people there on the ground relaying me the finest pupper pics possible. 13/10 for all https://t.co/jd6lYhfdH4,"https://twitter.com/dog_rates/status/831315979191906304/photo/1,https://twitter.com/dog_rates/status/831315979191906304/photo/1,https://twitter.com/dog_rates/status/831315979191906304/photo/1,https://twitter.com/dog_rates/status/831315979191906304/photo/1",13,10,,pupper,1229,6969
827933404142436356,2017-02-04 17:34:40 +0000,Iphone,This is Kona. Yesterday she stopped by the department to see what it takes to be a police pupper. 12/10 vest was only a smidge too big https://t.co/j8D3PQJvpJ,"https://twitter.com/dog_rates/status/827933404142436356/photo/1,https://twitter.com/dog_rates/status/827933404142436356/photo/1,https://twitter.com/dog_rates/status/827933404142436356/photo/1",12,10,Kona,pupper,5775,21617
824325613288833024,2017-01-25 18:38:36 +0000,Iphone,Retweet the h*ck out of this 13/10 pupper #BellLetsTalk https://t.co/wBmc7OaGvS,https://twitter.com/dog_rates/status/824325613288833024/photo/1,13,10,,pupper,11519,12663
822462944365645825,2017-01-20 15:17:01 +0000,Iphone,"This is Gabe. He was the unequivocal embodiment of a dream meme, but also one h*ck of a pupper. You will be missed by so many. 14/10 RIP https://t.co/M3hZGadUuO","https://twitter.com/dog_rates/status/822462944365645825/photo/1,https://twitter.com/dog_rates/status/822462944365645825/photo/1,https://twitter.com/dog_rates/status/822462944365645825/photo/1,https://twitter.com/dog_rates/status/822462944365645825/photo/1",14,10,Gabe,pupper,16379,30785
818588835076603904,2017-01-09 22:42:41 +0000,Iphone,RT @dog_rates: This is Chelsea. She forgot how to dog. 11/10 get it together pupper https://t.co/nBJ5RE4yHb,"https://twitter.com/dog_rates/status/773547596996571136/photo/1,https://twitter.com/dog_rates/status/773547596996571136/photo/1",11,10,Chelsea,pupper,6854,0
817777686764523521,2017-01-07 16:59:28 +0000,Iphone,"This is Dido. She's playing the lead role in ""Pupper Stops to Catch Snow Before Resuming Shadow Box with Dried Apple."" 13/10 (IG: didodoggo) https://t.co/m7isZrOBX7",https://twitter.com/dog_rates/status/817777686764523521/video/1,13,10,Dido,pupper,2976,11571
817777686764523521,2017-01-07 16:59:28 +0000,Iphone,"This is Dido. She's playing the lead role in ""Pupper Stops to Catch Snow Before Resuming Shadow Box with Dried Apple."" 13/10 (IG: didodoggo) https://t.co/m7isZrOBX7",https://twitter.com/dog_rates/status/817777686764523521/video/1,13,10,Dido,doggo,2976,11571
817502432452313088,2017-01-06 22:45:43 +0000,Iphone,RT @dog_rates: Meet Herschel. He's slightly bigger than ur average pupper. Looks lonely. Could probably ride 7/10 would totally pet https:/…,https://twitter.com/dog_rates/status/692417313023332352/photo/1,7,10,Herschel,pupper,3790,0
817181837579653120,2017-01-06 01:31:47 +0000,Iphone,RT @dog_rates: Here's a pupper with squeaky hiccups. Please enjoy. 13/10 https://t.co/MiMKtsLN6k,"https://twitter.com/dog_rates/status/815966073409433600/video/1,https://twitter.com/dog_rates/status/815966073409433600/video/1",13,10,,pupper,9505,0
815966073409433600,2017-01-02 17:00:46 +0000,Iphone,Here's a pupper with squeaky hiccups. Please enjoy. 13/10 https://t.co/MiMKtsLN6k,https://twitter.com/dog_rates/status/815966073409433600/video/1,13,10,,pupper,9505,24325
814986499976527872,2016-12-31 00:08:17 +0000,Iphone,This is Cooper. Someone attacked him with a sharpie. Poor pupper. 11/10 nifty tongue slip tho https://t.co/01vpuRDXQ8,https://twitter.com/dog_rates/status/814986499976527872/photo/1,11,10,Cooper,pupper,1440,8273
811386762094317568,2016-12-21 01:44:13 +0000,Iphone,This is Craig. That's actually a normal sized fence he's stuck on. H*ckin massive pupper. 11/10 someone help him https://t.co/aAUXzoxaBy,https://twitter.com/dog_rates/status/811386762094317568/photo/1,11,10,Craig,pupper,7166,22679
808733504066486276,2016-12-13 18:01:07 +0000,Iphone,Here's a pupper in a onesie. Quite pupset about it. Currently plotting revenge. 12/10 would rescue https://t.co/xQfrbNK3HD,https://twitter.com/dog_rates/status/808733504066486276/photo/1,12,10,,pupper,2425,8587
808106460588765185,2016-12-12 00:29:28 +0000,Iphone,Here we have Burke (pupper) and Dexter (doggo). Pupper wants to be exactly like doggo. Both 12/10 would pet at same time https://t.co/ANBpEYHaho,https://twitter.com/dog_rates/status/808106460588765185/photo/1,12,10,,pupper,2445,9465
808106460588765185,2016-12-12 00:29:28 +0000,Iphone,Here we have Burke (pupper) and Dexter (doggo). Pupper wants to be exactly like doggo. Both 12/10 would pet at same time https://t.co/ANBpEYHaho,https://twitter.com/dog_rates/status/808106460588765185/photo/1,12,10,,doggo,2445,9465
807621403335917568,2016-12-10 16:22:02 +0000,Iphone,This is Ollie Vue. He was a 3 legged pupper on a mission to overcome everything. This is very hard to write. 14/10 we will miss you Ollie https://t.co/qTRY2qX9y4,"https://twitter.com/dog_rates/status/807621403335917568/photo/1,https://twitter.com/dog_rates/status/807621403335917568/photo/1,https://twitter.com/dog_rates/status/807621403335917568/photo/1,https://twitter.com/dog_rates/status/807621403335917568/photo/1",14,10,Ollie,pupper,4126,15832
803638050916102144,2016-11-29 16:33:36 +0000,Iphone,Pupper hath acquire enemy. 13/10 https://t.co/ns9qoElfsX,https://twitter.com/dog_rates/status/803638050916102144/video/1,13,10,,pupper,4653,11946
802265048156610565,2016-11-25 21:37:47 +0000,Iphone,"Like doggo, like pupper version 2. Both 11/10 https://t.co/9IxWAXFqze",https://twitter.com/dog_rates/status/802265048156610565/photo/1,11,10,,pupper,1524,6914
802265048156610565,2016-11-25 21:37:47 +0000,Iphone,"Like doggo, like pupper version 2. Both 11/10 https://t.co/9IxWAXFqze",https://twitter.com/dog_rates/status/802265048156610565/photo/1,11,10,,doggo,1524,6914
801115127852503040,2016-11-22 17:28:25 +0000,Iphone,This is Bones. He's being haunted by another doggo of roughly the same size. 12/10 deep breaths pupper everything's fine https://t.co/55Dqe0SJNj,"https://twitter.com/dog_rates/status/801115127852503040/photo/1,https://twitter.com/dog_rates/status/801115127852503040/photo/1",12,10,Bones,pupper,2344,8783
801115127852503040,2016-11-22 17:28:25 +0000,Iphone,This is Bones. He's being haunted by another doggo of roughly the same size. 12/10 deep breaths pupper everything's fine https://t.co/55Dqe0SJNj,"https://twitter.com/dog_rates/status/801115127852503040/photo/1,https://twitter.com/dog_rates/status/801115127852503040/photo/1",12,10,Bones,doggo,2344,8783
800459316964663297,2016-11-20 22:02:27 +0000,Iphone,Here's a very sleepy pupper. Appears to be portable as h*ck. 12/10 would snug intensely https://t.co/61sX7pW5Ca,https://twitter.com/dog_rates/status/800459316964663297/photo/1,12,10,,pupper,2412,10277
800443802682937345,2016-11-20 21:00:48 +0000,Iphone,RT @dog_rates: This is Sampson. He's about to get hit with a vicious draw 2. Has no idea. 11/10 poor pupper https://t.co/FYT9QBEnKG,"https://twitter.com/dog_rates/status/776113305656188928/photo/1,https://twitter.com/dog_rates/status/776113305656188928/photo/1",11,10,Sampson,pupper,4848,0
800188575492947969,2016-11-20 04:06:37 +0000,Iphone,RT @dog_rates: This is Bo. He's a Benedoop Cumbersnatch. Seems frustrated with own feet. Portable as hell. 11/10 very solid pupper https://…,https://twitter.com/dog_rates/status/681694085539872773/photo/1,11,10,Bo,pupper,4424,0
798705661114773508,2016-11-16 01:54:03 +0000,Iphone,"RT @dog_rates: Meet Baloo. He's expecting a fast ground ball, hence the wide stance. Prepared af. 11/10 nothing runs like a pupper https://…",https://twitter.com/dog_rates/status/740676976021798912/photo/1,11,10,Baloo,pupper,7435,0
798682547630837760,2016-11-16 00:22:12 +0000,Iphone,RT @dog_rates: Here we see a rare pouched pupper. Ample storage space. Looks alert. Jumps at random. Kicked open that door. 8/10 https://t.…,https://twitter.com/dog_rates/status/676936541936185344/photo/1,8,10,,pupper,5309,0
797971864723324932,2016-11-14 01:18:12 +0000,Iphone,Here's a helicopter pupper. He takes off at random. H*ckin hard to control. 12/10 rare af https://t.co/GRWPgNKt2z,"https://twitter.com/dog_rates/status/797971864723324932/photo/1,https://twitter.com/dog_rates/status/797971864723324932/photo/1",12,10,,pupper,3521,12686
794205286408003585,2016-11-03 15:51:10 +0000,Iphone,This is Laika. She was a space pupper. The first space pupper actually. Orbited earth like a h*ckin boss. 14/10 hero af https://t.co/trSjgY3h4g,"https://twitter.com/dog_rates/status/794205286408003585/photo/1,https://twitter.com/dog_rates/status/794205286408003585/photo/1,https://twitter.com/dog_rates/status/794205286408003585/photo/1",14,10,Laika,pupper,3722,10025
785639753186217984,2016-10-11 00:34:48 +0000,Iphone,This is Pinot. He's a sophisticated doggo. You can tell by the hat. Also pointier than your average pupper. Still 10/10 would pet cautiously https://t.co/f2wmLZTPHd,"https://twitter.com/dog_rates/status/785639753186217984/photo/1,https://twitter.com/dog_rates/status/785639753186217984/photo/1",10,10,Pinot,pupper,2478,8498
785639753186217984,2016-10-11 00:34:48 +0000,Iphone,This is Pinot. He's a sophisticated doggo. You can tell by the hat. Also pointier than your average pupper. Still 10/10 would pet cautiously https://t.co/f2wmLZTPHd,"https://twitter.com/dog_rates/status/785639753186217984/photo/1,https://twitter.com/dog_rates/status/785639753186217984/photo/1",10,10,Pinot,doggo,2478,8498
779377524342161408,2016-09-23 17:50:56 +0000,Iphone,Have you ever seen such a smol pupper? Portable af. 12/10 would keep in shirt pocket https://t.co/KsqaIzlQ12,https://twitter.com/dog_rates/status/779377524342161408/video/1,12,10,,pupper,3475,9572
778039087836069888,2016-09-20 01:12:28 +0000,Iphone,Evolution of a pupper yawn featuring Max. 12/10 groundbreaking stuff https://t.co/t8Y4x9DmVD,"https://twitter.com/dog_rates/status/778039087836069888/photo/1,https://twitter.com/dog_rates/status/778039087836069888/photo/1,https://twitter.com/dog_rates/status/778039087836069888/photo/1,https://twitter.com/dog_rates/status/778039087836069888/photo/1",12,10,,pupper,2947,9178
778027034220126208,2016-09-20 00:24:34 +0000,Iphone,This is Sophie. She's a Jubilant Bush Pupper. Super h*ckin rare. Appears at random just to smile at the locals. 11.27/10 would smile back https://t.co/QFaUiIHxHq,https://twitter.com/dog_rates/status/778027034220126208/photo/1,27,10,Sophie,pupper,1808,7113
776819012571455488,2016-09-16 16:24:19 +0000,Iphone,RT @dog_rates: Everybody look at this beautiful pupper 13/10 https://t.co/hyAC5Hq9GC,"https://twitter.com/dog_rates/status/679828447187857408/photo/1,https://twitter.com/dog_rates/status/679828447187857408/photo/1,https://twitter.com/dog_rates/status/679828447187857408/photo/1,https://twitter.com/dog_rates/status/679828447187857408/photo/1,https://twitter.com/dog_rates/status/679828447187857408/photo/1,https://twitter.com/dog_rates/status/679828447187857408/photo/1",13,10,,pupper,15291,0
776477788987613185,2016-09-15 17:48:25 +0000,Iphone,This is Huck. He's addicted to caffeine. Hope it's not too latte to seek help. 11/10 stay strong pupper https://t.co/iJE3F0VozW,"https://twitter.com/dog_rates/status/776477788987613185/photo/1,https://twitter.com/dog_rates/status/776477788987613185/photo/1",11,10,Huck,pupper,3130,9601
776113305656188928,2016-09-14 17:40:06 +0000,Iphone,This is Sampson. He's about to get hit with a vicious draw 2. Has no idea. 11/10 poor pupper https://t.co/FYT9QBEnKG,https://twitter.com/dog_rates/status/776113305656188928/photo/1,11,10,Sampson,pupper,4848,12723
775898661951791106,2016-09-14 03:27:11 +0000,Iphone,"RT @dog_rates: Like father (doggo), like son (pupper). Both 12/10 https://t.co/pG2inLaOda","https://twitter.com/dog_rates/status/733109485275860992/photo/1,https://twitter.com/dog_rates/status/733109485275860992/photo/1",12,10,,pupper,17227,0
775898661951791106,2016-09-14 03:27:11 +0000,Iphone,"RT @dog_rates: Like father (doggo), like son (pupper). Both 12/10 https://t.co/pG2inLaOda","https://twitter.com/dog_rates/status/733109485275860992/photo/1,https://twitter.com/dog_rates/status/733109485275860992/photo/1",12,10,,doggo,17227,0
773985732834758656,2016-09-08 20:45:53 +0000,Iphone,Meet Winnie. She just made awkward eye contact with the driver beside her. Poor pupper panicked. 11/10 would comfort https://t.co/RFWtDqTnAz,"https://twitter.com/dog_rates/status/773985732834758656/photo/1,https://twitter.com/dog_rates/status/773985732834758656/photo/1,https://twitter.com/dog_rates/status/773985732834758656/photo/1,https://twitter.com/dog_rates/status/773985732834758656/photo/1",11,10,Winnie,pupper,4327,11632
773547596996571136,2016-09-07 15:44:53 +0000,Iphone,This is Chelsea. She forgot how to dog. 11/10 get it together pupper https://t.co/nBJ5RE4yHb,https://twitter.com/dog_rates/status/773547596996571136/photo/1,11,10,Chelsea,pupper,6854,23861
772193107915964416,2016-09-03 22:02:38 +0000,Iphone,This is Willem. He's a Penn State pupper. Thinks the hood makes him more intimidating. It doesn't. 12/10 https://t.co/Dp0s7MRIHK,https://twitter.com/dog_rates/status/772193107915964416/photo/1,12,10,Willem,pupper,1542,6499
770093767776997377,2016-08-29 03:00:36 +0000,Iphone,RT @dog_rates: This is just downright precious af. 12/10 for both pupper and doggo https://t.co/o5J479bZUC,"https://twitter.com/dog_rates/status/741067306818797568/photo/1,https://twitter.com/dog_rates/status/741067306818797568/photo/1",12,10,just,pupper,3374,0
770093767776997377,2016-08-29 03:00:36 +0000,Iphone,RT @dog_rates: This is just downright precious af. 12/10 for both pupper and doggo https://t.co/o5J479bZUC,"https://twitter.com/dog_rates/status/741067306818797568/photo/1,https://twitter.com/dog_rates/status/741067306818797568/photo/1",12,10,just,doggo,3374,0
768909767477751808,2016-08-25 20:35:48 +0000,Iphone,RT @dog_rates: When it's Janet from accounting's birthday but you can't eat the cake cuz it's chocolate. 10/10 hang in there pupper https:/…,https://twitter.com/dog_rates/status/700143752053182464/photo/1,10,10,,pupper,3000,0
765371061932261376,2016-08-16 02:14:15 +0000,Iphone,This is Louie. He's had a long day. Did a lot of pupper things. Also appears to be rather heckin pettable. 11/10 https://t.co/w2qDmoTIZ5,"https://twitter.com/dog_rates/status/765371061932261376/photo/1,https://twitter.com/dog_rates/status/765371061932261376/photo/1",11,10,Louie,pupper,2382,7636
763167063695355904,2016-08-10 00:16:21 +0000,Iphone,RT @dog_rates: Meet Eve. She's a raging alcoholic 8/10 (would b 11/10 but pupper alcoholism is a tragic issue that I can't condone) https:/…,https://twitter.com/dog_rates/status/673295268553605120/photo/1,8,10,Eve,pupper,3345,0
759793422261743616,2016-07-31 16:50:42 +0000,Iphone,"Meet Maggie &amp; Lila. Maggie is the doggo, Lila is the pupper. They are sisters. Both 12/10 would pet at the same time https://t.co/MYwR4DQKll","https://twitter.com/dog_rates/status/759793422261743616/photo/1,https://twitter.com/dog_rates/status/759793422261743616/photo/1",12,10,Maggie,pupper,2105,6423
759793422261743616,2016-07-31 16:50:42 +0000,Iphone,"Meet Maggie &amp; Lila. Maggie is the doggo, Lila is the pupper. They are sisters. Both 12/10 would pet at the same time https://t.co/MYwR4DQKll","https://twitter.com/dog_rates/status/759793422261743616/photo/1,https://twitter.com/dog_rates/status/759793422261743616/photo/1",12,10,Maggie,doggo,2105,6423
890240255349198849,2017-07-26 15:59:51 +0000,Iphone,This is Cassie. She is a college pup. Studying international doggo communication and stick theory. 14/10 so elegant much sophisticate https://t.co/t1bfwz5S2A,https://twitter.com/dog_rates/status/890240255349198849/photo/1,14,10,Cassie,doggo,7430,31819
884162670584377345,2017-07-09 21:29:42 +0000,Iphone,Meet Yogi. He doesn't have any important dog meetings today he just enjoys looking his best at all times. 12/10 for dangerously dapper doggo https://t.co/YSI00BzTBZ,https://twitter.com/dog_rates/status/884162670584377345/photo/1,12,10,Yogi,doggo,2984,20300
872967104147763200,2017-06-09 00:02:31 +0000,Iphone,Here's a very large dog. He has a date later. Politely asked this water person to check if his breath is bad. 12/10 good to go doggo https://t.co/EMYIdoblMR,"https://twitter.com/dog_rates/status/872967104147763200/photo/1,https://twitter.com/dog_rates/status/872967104147763200/photo/1",12,10,,doggo,5454,27370
871515927908634625,2017-06-04 23:56:03 +0000,Iphone,This is Napolean. He's a Raggedy East Nicaraguan Zoom Zoom. Runs on one leg. Built for deception. No eyes. Good with kids. 12/10 great doggo https://t.co/PR7B7w1rUw,"https://twitter.com/dog_rates/status/871515927908634625/photo/1,https://twitter.com/dog_rates/status/871515927908634625/photo/1",12,10,Napolean,doggo,3496,20250
869596645499047938,2017-05-30 16:49:31 +0000,Iphone,This is Scout. He just graduated. Officially a doggo now. Have fun with taxes and losing sight of your ambitions. 12/10 would throw cap for https://t.co/DsA2hwXAJo,"https://twitter.com/dog_rates/status/869596645499047938/photo/1,https://twitter.com/dog_rates/status/869596645499047938/photo/1",12,10,Scout,doggo,3191,16078
858843525470990336,2017-05-01 00:40:27 +0000,Iphone,I have stumbled puppon a doggo painting party. They're looking to be the next Pupcasso or Puppollock. All 13/10 would put it on the fridge https://t.co/cUeDMlHJbq,https://twitter.com/dog_rates/status/858843525470990336/photo/1,13,10,,doggo,3621,15908
854010172552949760,2017-04-17 16:34:26 +0000,Iphone,"At first I thought this was a shy doggo, but it's actually a Rare Canadian Floofer Owl. Amateurs would confuse the two. 11/10 only send dogs https://t.co/TXdT3tmuYk","https://twitter.com/dog_rates/status/854010172552949760/photo/1,https://twitter.com/dog_rates/status/854010172552949760/photo/1",11,10,,doggo,3336,16768
854010172552949760,2017-04-17 16:34:26 +0000,Iphone,"At first I thought this was a shy doggo, but it's actually a Rare Canadian Floofer Owl. Amateurs would confuse the two. 11/10 only send dogs https://t.co/TXdT3tmuYk","https://twitter.com/dog_rates/status/854010172552949760/photo/1,https://twitter.com/dog_rates/status/854010172552949760/photo/1",11,10,,floofer,3336,16768
851953902622658560,2017-04-12 00:23:33 +0000,Iphone,RT @dog_rates: This is Astrid. She's a guide doggo in training. 13/10 would follow anywhere https://t.co/xo7FZFIAao,"https://twitter.com/dog_rates/status/829374341691346946/photo/1,https://twitter.com/dog_rates/status/829374341691346946/photo/1,https://twitter.com/dog_rates/status/829374341691346946/photo/1,https://twitter.com/dog_rates/status/829374341691346946/photo/1",13,10,Astrid,doggo,10296,0
846514051647705089,2017-03-28 00:07:32 +0000,Iphone,This is Barney. He's an elder doggo. Hitches a ride when he gets tired. Waves goodbye before he leaves. 13/10 please come back soon https://t.co/cFAasDXauK,"https://twitter.com/dog_rates/status/846514051647705089/photo/1,https://twitter.com/dog_rates/status/846514051647705089/photo/1,https://twitter.com/dog_rates/status/846514051647705089/photo/1",13,10,Barney,doggo,12543,47068
836753516572119041,2017-03-01 01:42:39 +0000,Iphone,This is Meera. She just heard about taxes and how much a doghouse in a nice area costs. Not pupared to be a  doggo anymore. 12/10 https://t.co/GZmNEdyoJY,https://twitter.com/dog_rates/status/836753516572119041/photo/1,12,10,Meera,doggo,5051,20485
834574053763584002,2017-02-23 01:22:14 +0000,Iphone,Here's a doggo fully pupared for a shower. H*ckin exquisite balance. Sneaky tongue slip too. 13/10 https://t.co/UtEVnQ1ZPg,https://twitter.com/dog_rates/status/834574053763584002/photo/1,13,10,,doggo,2789,14619
832998151111966721,2017-02-18 17:00:10 +0000,Iphone,"This is Rhino. He arrived at a shelter with an elaborate doggo manual for his new family, written by someone who will always love him. 13/10 https://t.co/QX1h0oqMz0","https://twitter.com/dog_rates/status/832998151111966721/photo/1,https://twitter.com/dog_rates/status/832998151111966721/photo/1",13,10,Rhino,doggo,2437,14224
832273440279240704,2017-02-16 17:00:25 +0000,Iphone,Say hello to Smiley. He's a blind therapy doggo having a h*ckin blast high steppin around in the snow. 14/10 would follow anywhere https://t.co/SHAb1wHjMz,https://twitter.com/dog_rates/status/832273440279240704/video/1,14,10,Smiley,doggo,2570,12084
831939777352105988,2017-02-15 18:54:34 +0000,Iphone,This is Emanuel. He's a h*ckin rare doggo. Dwells in a semi-urban environment. Round features make him extra collectible. 12/10 would so pet https://t.co/k9bzgyVdUT,https://twitter.com/dog_rates/status/831939777352105988/photo/1,12,10,Emanuel,doggo,6770,25669
831322785565769729,2017-02-14 02:02:51 +0000,Iphone,This is Pete. He has no eyes. Needs a guide doggo. Also appears to be considerably fluffy af. 12/10 would hug softly https://t.co/Xc0gyovCtK,https://twitter.com/dog_rates/status/831322785565769729/photo/1,12,10,Pete,doggo,1678,9812
829878982036299777,2017-02-10 02:25:42 +0000,Iphone,RT @dog_rates: This is Loki. He smiles like Elvis. Ain't nothin but a hound doggo. 12/10 https://t.co/QV5nx6otZR,"https://twitter.com/dog_rates/status/826958653328592898/photo/1,https://twitter.com/dog_rates/status/826958653328592898/photo/1",12,10,Loki,doggo,5542,0
829449946868879360,2017-02-08 22:00:52 +0000,Iphone,Here's a stressed doggo. Had a long day. Many things on her mind. The hat communicates these feelings exquisitely. 11/10 https://t.co/fmRS43mWQB,https://twitter.com/dog_rates/status/829449946868879360/photo/1,11,10,,doggo,2245,11213
829374341691346946,2017-02-08 17:00:26 +0000,Iphone,This is Astrid. She's a guide doggo in training. 13/10 would follow anywhere https://t.co/xo7FZFIAao,"https://twitter.com/dog_rates/status/829374341691346946/photo/1,https://twitter.com/dog_rates/status/829374341691346946/photo/1",13,10,Astrid,doggo,10296,37118
828381636999917570,2017-02-05 23:15:47 +0000,Iphone,Meet Doobert. He's a deaf doggo. Didn't stop him on the field tho. Absolute legend today. 14/10 would pat head approvingly https://t.co/iCk7zstRA9,https://twitter.com/dog_rates/status/828381636999917570/photo/1,14,10,Doobert,doggo,2459,13538
826958653328592898,2017-02-02 01:01:21 +0000,Iphone,This is Loki. He smiles like Elvis. Ain't nothin but a hound doggo. 12/10 https://t.co/QV5nx6otZR,https://twitter.com/dog_rates/status/826958653328592898/photo/1,12,10,Loki,doggo,5542,23201
826848821049180160,2017-02-01 17:44:55 +0000,Iphone,This is Cupid. He was found in the trash. Now he's well on his way to prosthetic front legs and a long happy doggo life. 13/10 heroic af https://t.co/WS0Gha8vRh,"https://twitter.com/dog_rates/status/826848821049180160/photo/1,https://twitter.com/dog_rates/status/826848821049180160/photo/1,https://twitter.com/dog_rates/status/826848821049180160/photo/1,https://twitter.com/dog_rates/status/826848821049180160/photo/1",13,10,Cupid,doggo,11352,39216
826476773533745153,2017-01-31 17:06:32 +0000,Iphone,This is Pilot. He has mastered the synchronized head tilt and sneaky tongue slip. Usually not unlocked until later doggo days. 12/10 https://t.co/YIV8sw8xkh,https://twitter.com/dog_rates/status/826476773533745153/photo/1,12,10,Pilot,doggo,4648,19778
821765923262631936,2017-01-18 17:07:18 +0000,Iphone,This is Duchess. She uses dark doggo forces to levitate her toys. 13/10 magical af https://t.co/maDNMETA52,https://twitter.com/dog_rates/status/821765923262631936/photo/1,13,10,Duchess,doggo,1852,9092
821421320206483457,2017-01-17 18:17:58 +0000,Iphone,RT @dog_rates: This is Sampson. He just graduated. Ready to be a doggo now. Time for the real world. 12/10 have fun with taxes https://t.co…,"https://twitter.com/dog_rates/status/782305867769217024/photo/1,https://twitter.com/dog_rates/status/782305867769217024/photo/1,https://twitter.com/dog_rates/status/782305867769217024/photo/1",12,10,Sampson,doggo,6219,0
821407182352777218,2017-01-17 17:21:47 +0000,Iphone,This is Sundance. He's a doggo drummer. Even sings a bit on the side. 14/10 entertained af (vid by @sweetsundance) https://t.co/Xn5AQtiqzG,https://twitter.com/dog_rates/status/821407182352777218/video/1,14,10,Sundance,doggo,4851,12707
821107785811234820,2017-01-16 21:32:06 +0000,Iphone,Here's a doggo who looks like he's about to give you a list of mythical ingredients to go collect for his potion. 11/10 would obey https://t.co/8SiwKDlRcl,https://twitter.com/dog_rates/status/821107785811234820/photo/1,11,10,,doggo,2373,10372
819924195358416896,2017-01-13 15:08:56 +0000,Iphone,Here we have a doggo who has messed up. He was hoping you wouldn't notice. 11/10 someone help him https://t.co/XdRNXNYD4E,https://twitter.com/dog_rates/status/819924195358416896/video/1,11,10,,doggo,5394,13897
819015337530290176,2017-01-11 02:57:27 +0000,Iphone,RT @dog_rates: This is Bo. He was a very good First Doggo. 14/10 would be an absolute honor to pet https://t.co/AdPKrI8BZ1,"https://twitter.com/dog_rates/status/819004803107983360/photo/1,https://twitter.com/dog_rates/status/819004803107983360/photo/1,https://twitter.com/dog_rates/status/819004803107983360/photo/1,https://twitter.com/dog_rates/status/819004803107983360/photo/1,https://twitter.com/dog_rates/status/819004803107983360/photo/1,https://twitter.com/dog_rates/status/819004803107983360/photo/1,https://twitter.com/dog_rates/status/819004803107983360/photo/1,https://twitter.com/dog_rates/status/819004803107983360/photo/1",14,10,Bo,doggo,40822,0
819015331746349057,2017-01-11 02:57:26 +0000,Iphone,RT @dog_rates: This is Sunny. She was also a very good First Doggo. 14/10 would also be an absolute honor to pet https://t.co/YOC1fHFCSb,"https://twitter.com/dog_rates/status/819006400881917954/photo/1,https://twitter.com/dog_rates/status/819006400881917954/photo/1,https://twitter.com/dog_rates/status/819006400881917954/photo/1,https://twitter.com/dog_rates/status/819006400881917954/photo/1,https://twitter.com/dog_rates/status/819006400881917954/photo/1,https://twitter.com/dog_rates/status/819006400881917954/photo/1,https://twitter.com/dog_rates/status/819006400881917954/photo/1,https://twitter.com/dog_rates/status/819006400881917954/photo/1",14,10,Sunny,doggo,21052,0
819006400881917954,2017-01-11 02:21:57 +0000,Iphone,This is Sunny. She was also a very good First Doggo. 14/10 would also be an absolute honor to pet https://t.co/YOC1fHFCSb,"https://twitter.com/dog_rates/status/819006400881917954/photo/1,https://twitter.com/dog_rates/status/819006400881917954/photo/1,https://twitter.com/dog_rates/status/819006400881917954/photo/1,https://twitter.com/dog_rates/status/819006400881917954/photo/1",14,10,Sunny,doggo,21052,48730
819004803107983360,2017-01-11 02:15:36 +0000,Iphone,This is Bo. He was a very good First Doggo. 14/10 would be an absolute honor to pet https://t.co/AdPKrI8BZ1,"https://twitter.com/dog_rates/status/819004803107983360/photo/1,https://twitter.com/dog_rates/status/819004803107983360/photo/1,https://twitter.com/dog_rates/status/819004803107983360/photo/1,https://twitter.com/dog_rates/status/819004803107983360/photo/1",14,10,Bo,doggo,40822,93298
813910438903693312,2016-12-28 00:52:25 +0000,Iphone,This is Chubbs. He dug a hole and now he's stuck in it. Dang h*ckin doggo. 11/10 would assist https://t.co/z1VRj1cYZf,https://twitter.com/dog_rates/status/813910438903693312/photo/1,11,10,Chubbs,doggo,2105,10058
813202720496779264,2016-12-26 02:00:11 +0000,Iphone,Here's a doggo who has concluded that Christmas is entirely too bright. Requests you tone it down a notch. 11/10 https://t.co/cD967DjnIn,https://twitter.com/dog_rates/status/813202720496779264/photo/1,11,10,,doggo,2013,9944
813127251579564032,2016-12-25 21:00:18 +0000,Iphone,Here's an anonymous doggo that appears to be very done with Christmas. 11/10 cheer up pup https://t.co/BzITyGw3JA,"https://twitter.com/dog_rates/status/813127251579564032/photo/1,https://twitter.com/dog_rates/status/813127251579564032/photo/1",11,10,,doggo,3500,12867
813096984823349248,2016-12-25 19:00:02 +0000,Iphone,This is Rocky. He got triple-doggo-dared. Stuck af. 11/10 someone help him https://t.co/soNL00XWVu,https://twitter.com/dog_rates/status/813096984823349248/photo/1,11,10,Rocky,doggo,4041,11408
801127390143516673,2016-11-22 18:17:08 +0000,Iphone,RT @dog_rates: This is Anakin. He strives to reach his full doggo potential. Born with blurry tail tho. 11/10 would still pet well https://…,https://twitter.com/dog_rates/status/775733305207554048/photo/1,11,10,Anakin,doggo,4460,0
800018252395122689,2016-11-19 16:49:49 +0000,Iphone,Here's a doggo doin a struggle. 11/10 much determined https://t.co/gQqRBfkX4I,https://twitter.com/dog_rates/status/800018252395122689/video/1,11,10,,doggo,14774,30883
799757965289017345,2016-11-18 23:35:32 +0000,Iphone,This is Sobe. She's a h*ckin happy doggo. Only one leg tho. Must have good balance. 13/10 would smile back https://t.co/OiH8PaOxB1,"https://twitter.com/dog_rates/status/799757965289017345/photo/1,https://twitter.com/dog_rates/status/799757965289017345/photo/1,https://twitter.com/dog_rates/status/799757965289017345/photo/1,https://twitter.com/dog_rates/status/799757965289017345/photo/1",13,10,Sobe,doggo,2426,9147
796484825502875648,2016-11-09 22:49:15 +0000,Iphone,Here's a sleepy doggo that requested some assistance. 12/10 would carry everywhere https://t.co/bvkkqOjNDV,https://twitter.com/dog_rates/status/796484825502875648/photo/1,12,10,,doggo,1972,8253
795464331001561088,2016-11-07 03:14:10 +0000,Iphone,Elder doggo does a splash. Both 13/10 incredible stuff https://t.co/gBUDjdEcqz,https://twitter.com/dog_rates/status/795464331001561088/video/1,13,10,,doggo,26736,54274
786363235746385920,2016-10-13 00:29:39 +0000,Iphone,This is Rizzo. He has many talents. A true renaissance doggo. 13/10 entertaining af https://t.co/TVXpEJB7Wn,"https://twitter.com/dog_rates/status/786363235746385920/photo/1,https://twitter.com/dog_rates/status/786363235746385920/photo/1,https://twitter.com/dog_rates/status/786363235746385920/photo/1,https://twitter.com/dog_rates/status/786363235746385920/photo/1",13,10,Rizzo,doggo,3928,11864
782747134529531904,2016-10-03 01:00:34 +0000,Iphone,This is Deacon. He's the happiest almost dry doggo I've ever seen. 11/10 would smile back https://t.co/C6fUMnHt1H,https://twitter.com/dog_rates/status/782747134529531904/photo/1,11,10,Deacon,doggo,1558,8107
782305867769217024,2016-10-01 19:47:08 +0000,Iphone,This is Sampson. He just graduated. Ready to be a doggo now. Time for the real world. 12/10 have fun with taxes https://t.co/pgVKxRw0s1,"https://twitter.com/dog_rates/status/782305867769217024/photo/1,https://twitter.com/dog_rates/status/782305867769217024/photo/1,https://twitter.com/dog_rates/status/782305867769217024/photo/1",12,10,Sampson,doggo,6219,18099
777953400541634568,2016-09-19 19:31:59 +0000,Iphone,RT @dog_rates: Meet Gerald. He's a fairly exotic doggo. Floofy af. Inadequate knees tho. Self conscious about large forehead. 8/10 https://…,https://twitter.com/dog_rates/status/768193404517830656/photo/1,8,10,Gerald,doggo,3925,0
775733305207554048,2016-09-13 16:30:07 +0000,Iphone,This is Anakin. He strives to reach his full doggo potential. Born with blurry tail tho. 11/10 would still pet well https://t.co/9CcBSxCXXG,https://twitter.com/dog_rates/status/775733305207554048/photo/1,11,10,Anakin,doggo,4460,14992
775364825476165632,2016-09-12 16:05:54 +0000,Iphone,This is Finley. He's an independent doggo still adjusting to life on his own. 11/10 https://t.co/7FNcBaKbci,"https://twitter.com/dog_rates/status/775364825476165632/photo/1,https://twitter.com/dog_rates/status/775364825476165632/photo/1,https://twitter.com/dog_rates/status/775364825476165632/photo/1,https://twitter.com/dog_rates/status/775364825476165632/photo/1",11,10,Finley,doggo,3320,8050
768193404517830656,2016-08-23 21:09:14 +0000,Iphone,Meet Gerald. He's a fairly exotic doggo. Floofy af. Inadequate knees tho. Self conscious about large forehead. 8/10 https://t.co/WmczvjCWJq,https://twitter.com/dog_rates/status/768193404517830656/photo/1,8,10,Gerald,doggo,3925,11779
767191397493538821,2016-08-21 02:47:37 +0000,Iphone,I don't know any of the backstory behind this picture but for some reason I'm crying. 13/10 for owner and doggo https://t.co/QOKZdus9TT,https://twitter.com/dog_rates/status/767191397493538821/photo/1,13,10,,doggo,4229,13262
760893934457552897,2016-08-03 17:43:45 +0000,Iphone,This is Wishes. He has the day off. Daily struggles of being a doggo have finally caught up with him. 11/10 https://t.co/H9YgrUkYwa,https://twitter.com/dog_rates/status/760893934457552897/photo/1,11,10,Wishes,doggo,1072,4116
758828659922702336,2016-07-29 00:57:05 +0000,Iphone,This doggo is just waiting for someone to be proud of her and her accomplishment. 13/10 legendary af https://t.co/9T2h14yn4Q,https://twitter.com/dog_rates/status/758828659922702336/photo/1,13,10,,doggo,4226,12024
883360690899218434,2017-07-07 16:22:55 +0000,Iphone,Meet Grizzwald. He may be the floofiest floofer I ever did see. Lost eyes saving a schoolbus from a volcano erpuption. 13/10 heroic as h*ck https://t.co/rf661IFEYP,https://twitter.com/dog_rates/status/883360690899218434/photo/1,13,10,Grizzwald,floofer,3675,22482
800388270626521089,2016-11-20 17:20:08 +0000,Iphone,This is Doc. He takes time out of every day to worship our plant overlords. 12/10 quite the floofer https://t.co/azMneS6Ly5,"https://twitter.com/dog_rates/status/800388270626521089/photo/1,https://twitter.com/dog_rates/status/800388270626521089/photo/1,https://twitter.com/dog_rates/status/800388270626521089/photo/1",12,10,Doc,floofer,3145,12121
776218204058357768,2016-09-15 00:36:55 +0000,Iphone,Atlas rolled around in some chalk and now he's a magical rainbow floofer. 13/10 please never take a bath https://t.co/nzqTNw0744,"https://twitter.com/dog_rates/status/776218204058357768/photo/1,https://twitter.com/dog_rates/status/776218204058357768/photo/1,https://twitter.com/dog_rates/status/776218204058357768/photo/1",13,10,,floofer,17779,32500
